{
  "status": "ok",
  "ch": "market.lambusdt.detail.merged",
  "ts": 1567936912354,
  "tick": {
    "amount": 3.0616017746755466E7,
    "open": 0.142614,
    "close": 0.142921,
    "high": 0.144215,
    "id": 200147703822,
    "count": 53721,
    "low": 0.14139,
    "version": 200147703822,
    "ask": [
      0.142921,
      4464.9877
    ],
    "vol": 4393287.384966847,
    "bid": [
      0.142901,
      1000.0
    ]
  }
}